"","doc_id","token","sentence","Repeats","Affected Columns"
"1","Doc10 Row:10 Col:Text","Jane","persisting to act in direct opposition to Jane Fairfax's sense of right,",1,"`Text`"
"2","Doc10 Row:10 Col:Text","Fairfax","persisting to act in direct opposition to Jane Fairfax's sense of right,",1,"`Text`"
"3","Doc1005 Row:5 Col:Reference","6QBpq","6QBpq",85,"`Reference`"
"4","Doc102 Row:102 Col:Text","Emma","beauty than Emma altogether--face and figure?""",1,"`Text`"
"5","Doc1029 Row:29 Col:Reference","LBrRi","LBrRi",97,"`Reference`"
"6","Doc105 Row:105 Col:Text","Donwell","to Donwell; she forgot to attempt to listen; and when Mrs. Weston ended",1,"`Text`"
"7","Doc105 Row:105 Col:Text","Mrs.","to Donwell; she forgot to attempt to listen; and when Mrs. Weston ended",1,"`Text`"
"8","Doc105 Row:105 Col:Text","Weston","to Donwell; she forgot to attempt to listen; and when Mrs. Weston ended",1,"`Text`"
"9","Doc11 Row:11 Col:Text","Mrs.","going; dear Mrs. Elton, how elegant she looks!--Beautiful lace!--Now we",1,"`Text`"
"10","Doc11 Row:11 Col:Text","Elton","going; dear Mrs. Elton, how elegant she looks!--Beautiful lace!--Now we",1,"`Text`"
"11","Doc116 Row:116 Col:Text","Miss","Miss Fairfax, who had seldom spoken before, except among her own",1,"`Text`"
"12","Doc116 Row:116 Col:Text","Fairfax","Miss Fairfax, who had seldom spoken before, except among her own",1,"`Text`"
"13","Doc12 Row:12 Col:Text","Isabella","""And do you see her, sir, tolerably often?"" asked Isabella in the",1,"`Text`"
"14","Doc121 Row:121 Col:Text","Mrs","Mrs.",1,"`Text`"
"15","Doc121 Row:121 Col:Text","Cole","Cole had many to agree with her; every body who spoke on the",1,"`Text`"
"16","Doc126 Row:126 Col:Text","Harriet","""How I could so long a time be fancying myself!..."" cried Harriet,",1,"`Text`"
"17","Doc128 Row:128 Col:Text","Mrs.","before--""You must know, my dear Mrs. Knightley, that we are by no means",1,"`Text`"
"18","Doc128 Row:128 Col:Text","Knightley","before--""You must know, my dear Mrs. Knightley, that we are by no means",1,"`Text`"
"19","Doc129 Row:129 Col:Text","Hannah","You got Hannah that good place.",1,"`Text`"
"20","Doc129 Row:129 Col:Text","Hannah","Nobody thought of Hannah till you",1,"`Text`"
"21","Doc130 Row:130 Col:Text","Harriet","minutes, Harriet thus began again--",1,"`Text`"
"22","Doc136 Row:136 Col:Text","Still","before.--Still Mrs. Elton insisted on being authorised to write an",1,"`Text`"
"23","Doc136 Row:136 Col:Text","Mrs.","before.--Still Mrs. Elton insisted on being authorised to write an",1,"`Text`"
"24","Doc136 Row:136 Col:Text","Elton","before.--Still Mrs. Elton insisted on being authorised to write an",1,"`Text`"
"25","Doc139 Row:139 Col:Text","Emma","Emma knew that he was now getting to the Box Hill party, and grew",1,"`Text`"
"26","Doc139 Row:139 Col:Text","Box","Emma knew that he was now getting to the Box Hill party, and grew",1,"`Text`"
"27","Doc139 Row:139 Col:Text","Hill","Emma knew that he was now getting to the Box Hill party, and grew",1,"`Text`"
"28","Doc142 Row:142 Col:Text","Isabella","""But I do not see why poor Isabella should be obliged to go back so",1,"`Text`"
"29","Doc143 Row:143 Col:Text","Mr.","They walked off, followed in half a minute by Mr. Knightley.",1,"`Text`"
"30","Doc143 Row:143 Col:Text","Knightley","They walked off, followed in half a minute by Mr. Knightley.",1,"`Text`"
"31","Doc143 Row:143 Col:Text","Mr.","Mr. Weston,",1,"`Text`"
"32","Doc143 Row:143 Col:Text","Weston","Mr. Weston,",1,"`Text`"
"33","Doc150 Row:150 Col:Text","Emma","utmost that his nerves could bear--and here would be a ninth--and Emma",1,"`Text`"
"34","Doc151 Row:151 Col:Text","Jane","By Jane Austen",1,"`Text`"
"35","Doc151 Row:151 Col:Text","Austen","By Jane Austen",1,"`Text`"
"36","Doc158 Row:158 Col:Text","Isabella","quick and assured: Isabella slow and diffident.",1,"`Text`"
"37","Doc16 Row:16 Col:Text","Mr.","""In one respect, perhaps, Mr. Elton's manners are superior to Mr.",1,"`Text`"
"38","Doc16 Row:16 Col:Text","Elton","""In one respect, perhaps, Mr. Elton's manners are superior to Mr.",1,"`Text`"
"39","Doc16 Row:16 Col:Text","Mr.","""In one respect, perhaps, Mr. Elton's manners are superior to Mr.",1,"`Text`"
"40","Doc166 Row:166 Col:Text","Miss","Miss Bates and Jane; and Emma and Harriet belonged to Frank Churchill.",1,"`Text`"
"41","Doc166 Row:166 Col:Text","Bates","Miss Bates and Jane; and Emma and Harriet belonged to Frank Churchill.",1,"`Text`"
"42","Doc166 Row:166 Col:Text","Jane","Miss Bates and Jane; and Emma and Harriet belonged to Frank Churchill.",1,"`Text`"
"43","Doc166 Row:166 Col:Text","Emma","Miss Bates and Jane; and Emma and Harriet belonged to Frank Churchill.",1,"`Text`"
"44","Doc166 Row:166 Col:Text","Harriet","Miss Bates and Jane; and Emma and Harriet belonged to Frank Churchill.",1,"`Text`"
"45","Doc166 Row:166 Col:Text","Frank","Miss Bates and Jane; and Emma and Harriet belonged to Frank Churchill.",1,"`Text`"
"46","Doc166 Row:166 Col:Text","Churchill","Miss Bates and Jane; and Emma and Harriet belonged to Frank Churchill.",1,"`Text`"
"47","Doc171 Row:171 Col:Text","Emma","""No, indeed,"" cried Emma, most happy to begin, ""not in the least.",1,"`Text`"
"48","Doc174 Row:174 Col:Text","Churchill","Churchill's illness.""",1,"`Text`"
"49","Doc175 Row:175 Col:Text","Frank","Frank was next to",1,"`Text`"
"50","Doc18 Row:18 Col:Text","Emma","Dear Emma has been to call on Mrs.",1,"`Text`"
"51","Doc18 Row:18 Col:Text","Mrs.","Dear Emma has been to call on Mrs.",1,"`Text`"
"52","Doc183 Row:183 Col:Text","Miss","been very rude; but really Miss Fairfax has done her hair in so odd a",1,"`Text`"
"53","Doc183 Row:183 Col:Text","Fairfax","been very rude; but really Miss Fairfax has done her hair in so odd a",1,"`Text`"
"54","Doc185 Row:185 Col:Text","Emma","Emma's going",1,"`Text`"
"55","Doc189 Row:189 Col:Text","England","most lovely and accomplished young women in England for your daughter.""",1,"`Text`"
"56","Doc193 Row:193 Col:Text","Miss","month, to Miss Smith--such attentions as I have been in the daily",1,"`Text`"
"57","Doc193 Row:193 Col:Text","Smith","month, to Miss Smith--such attentions as I have been in the daily",1,"`Text`"
"58","Doc195 Row:195 Col:Text","'I","'I",1,"`Text`"
"59","Doc196 Row:196 Col:Text","Mrs","having been able to wait on him and Mrs. Elton on this happy occasion; I",1,"`Text`"
"60","Doc196 Row:196 Col:Text","Elton","having been able to wait on him and Mrs. Elton on this happy occasion; I",1,"`Text`"
"61","Doc203 Row:203 Col:Text","Mr.","At this moment Mr. Weston appeared at a little distance from the window,",1,"`Text`"
"62","Doc203 Row:203 Col:Text","Weston","At this moment Mr. Weston appeared at a little distance from the window,",1,"`Text`"
"63","Doc206 Row:206 Col:Text","Mr.","illumination of Mr. Woodhouse's mind, or any wonderful change of his",1,"`Text`"
"64","Doc206 Row:206 Col:Text","Woodhouse","illumination of Mr. Woodhouse's mind, or any wonderful change of his",1,"`Text`"
"65","Doc207 Row:207 Col:Text","Miss","""I have scarce had the pleasure of seeing you, Miss Woodhouse,"" she",1,"`Text`"
"66","Doc207 Row:207 Col:Text","Woodhouse","""I have scarce had the pleasure of seeing you, Miss Woodhouse,"" she",1,"`Text`"
"67","Doc209 Row:209 Col:Text","Mrs.","Mrs. Weston was looking so ill, and had an air of so much perturbation,",1,"`Text`"
"68","Doc209 Row:209 Col:Text","Weston","Mrs. Weston was looking so ill, and had an air of so much perturbation,",1,"`Text`"
"69","Doc211 Row:211 Col:Text","Mr.","""Mr. Elton indeed!"" cried Harriet indignantly.--""Oh!",1,"`Text`"
"70","Doc211 Row:211 Col:Text","Elton","""Mr. Elton indeed!"" cried Harriet indignantly.--""Oh!",1,"`Text`"
"71","Doc211 Row:211 Col:Text","Harriet","""Mr. Elton indeed!"" cried Harriet indignantly.--""Oh!",1,"`Text`"
"72","Doc211 Row:211 Col:Text","Emma","Emma could",1,"`Text`"
"73","Doc212 Row:212 Col:Text","St.","accomplished some views of St. Mark's Place, Venice, when Frank",1,"`Text`"
"74","Doc212 Row:212 Col:Text","Mark","accomplished some views of St. Mark's Place, Venice, when Frank",1,"`Text`"
"75","Doc212 Row:212 Col:Text","Venice","accomplished some views of St. Mark's Place, Venice, when Frank",1,"`Text`"
"76","Doc212 Row:212 Col:Text","Frank","accomplished some views of St. Mark's Place, Venice, when Frank",1,"`Text`"
"77","Doc216 Row:216 Col:Text","Mrs.","Mrs. Weston had, of course,",1,"`Text`"
"78","Doc216 Row:216 Col:Text","Weston","Mrs. Weston had, of course,",1,"`Text`"
"79","Doc219 Row:219 Col:Text","Mr.","""Mr. Elton's manners are not perfect,"" replied Emma; ""but where there is",1,"`Text`"
"80","Doc219 Row:219 Col:Text","Elton","""Mr. Elton's manners are not perfect,"" replied Emma; ""but where there is",1,"`Text`"
"81","Doc219 Row:219 Col:Text","Emma","""Mr. Elton's manners are not perfect,"" replied Emma; ""but where there is",1,"`Text`"
"82","Doc22 Row:22 Col:Text","Mr.","Churchills--or even for Mr. Elton!--",1,"`Text`"
"83","Doc22 Row:22 Col:Text","Elton","Churchills--or even for Mr. Elton!--",1,"`Text`"
"84","Doc220 Row:220 Col:Text","Emma","""Emma has been meaning to read more ever since she was twelve years old.",1,"`Text`"
"85","Doc222 Row:222 Col:Text","Emma","""I have the greatest pleasure, my dear Emma, in forwarding to you the",1,"`Text`"
"86","Doc224 Row:224 Col:Text","Mr.","Mr. Elton,",1,"`Text`"
"87","Doc224 Row:224 Col:Text","Elton","Mr. Elton,",1,"`Text`"
"88","Doc225 Row:225 Col:Text","Harriet","Harriet was soon back again, and the proposal almost immediately made;",1,"`Text`"
"89","Doc231 Row:231 Col:Text","Emma","Emma was most happy to be called to such a council; and her father,",1,"`Text`"
"90","Doc235 Row:235 Col:Text","Isabella","Isabella;--which poor Isabella, passing her life with those she doated",1,"`Text`"
"91","Doc235 Row:235 Col:Text","Isabella","Isabella;--which poor Isabella, passing her life with those she doated",1,"`Text`"
"92","Doc237 Row:237 Col:Text","Miss","Every friend of Miss Taylor",1,"`Text`"
"93","Doc237 Row:237 Col:Text","Taylor","Every friend of Miss Taylor",1,"`Text`"
"94","Doc239 Row:239 Col:Text","Elton","Elton's return, and being hung over the mantelpiece of the common",1,"`Text`"
"95","Doc24 Row:24 Col:Text","Mr.","Mr.",1,"`Text`"
"96","Doc240 Row:240 Col:Text","Isabella","whenever poor Isabella's little ones have the measles, she will send for",1,"`Text`"
"97","Doc241 Row:241 Col:Text","Barnes","the proper name--I should rather say Barnes, or Bates.",1,"`Text`"
"98","Doc241 Row:241 Col:Text","Bates","the proper name--I should rather say Barnes, or Bates.",1,"`Text`"
"99","Doc246 Row:246 Col:Text","Enscombe","We ought to be acquainted with Enscombe, and with Mrs.",1,"`Text`"
"100","Doc246 Row:246 Col:Text","Mrs.","We ought to be acquainted with Enscombe, and with Mrs.",1,"`Text`"
"101","Doc251 Row:251 Col:Text","London","London; he might as well be at Enscombe; but Richmond was the very",1,"`Text`"
"102","Doc251 Row:251 Col:Text","Enscombe","London; he might as well be at Enscombe; but Richmond was the very",1,"`Text`"
"103","Doc251 Row:251 Col:Text","Richmond","London; he might as well be at Enscombe; but Richmond was the very",1,"`Text`"
"104","Doc255 Row:255 Col:Text","Jane","she could have no doubt--putting every thing together--that Jane was",1,"`Text`"
"105","Doc256 Row:256 Col:Text","Hartfield","staying one whole day at Hartfield--which one day would be the very day",1,"`Text`"
"106","Doc259 Row:259 Col:Text","Goddard","Goddard that Harriet was liable to very bad sore-throats, and had often",1,"`Text`"
"107","Doc259 Row:259 Col:Text","Harriet","Goddard that Harriet was liable to very bad sore-throats, and had often",1,"`Text`"
"108","Doc260 Row:260 Col:Text","Mr.","older--and even Mr. Weston might be growing older ten years hence--to",1,"`Text`"
"109","Doc260 Row:260 Col:Text","Weston","older--and even Mr. Weston might be growing older ten years hence--to",1,"`Text`"
"110","Doc267 Row:267 Col:Text","Knightley","with Uncle Knightley, who is absent from home about five hours where she",1,"`Text`"
"111","Doc268 Row:268 Col:Text","Emma","Emma smiled and answered--""My visit was of use to the nervous part of",1,"`Text`"
"112","Doc27 Row:27 Col:Text","Emma","of Emma.",1,"`Text`"
"113","Doc272 Row:272 Col:Text","Emma","With the exception of this little blot, Emma found that his visit",1,"`Text`"
"114","Doc277 Row:277 Col:Text","London","London, may not quite enter into our feelings.""",1,"`Text`"
"115","Doc280 Row:280 Col:Text","Miss","""You must feel it very fortunate that Miss Fairfax should be allowed to",1,"`Text`"
"116","Doc280 Row:280 Col:Text","Fairfax","""You must feel it very fortunate that Miss Fairfax should be allowed to",1,"`Text`"
"117","Doc288 Row:288 Col:Text","Miss","ideas--her own former conversations with him about Miss Fairfax; and",1,"`Text`"
"118","Doc288 Row:288 Col:Text","Fairfax","ideas--her own former conversations with him about Miss Fairfax; and",1,"`Text`"
"119","Doc292 Row:292 Col:Text","Mr.","her (Mr. and Mrs. Dixon) excessively to come over with Colonel and Mrs.",1,"`Text`"
"120","Doc292 Row:292 Col:Text","Mrs.","her (Mr. and Mrs. Dixon) excessively to come over with Colonel and Mrs.",1,"`Text`"
"121","Doc292 Row:292 Col:Text","Dixon","her (Mr. and Mrs. Dixon) excessively to come over with Colonel and Mrs.",1,"`Text`"
"122","Doc292 Row:292 Col:Text","Colonel","her (Mr. and Mrs. Dixon) excessively to come over with Colonel and Mrs.",1,"`Text`"
"123","Doc292 Row:292 Col:Text","Mrs.","her (Mr. and Mrs. Dixon) excessively to come over with Colonel and Mrs.",1,"`Text`"
"124","Doc298 Row:298 Col:Text","Jane","prepared to have Jane Fairfax succeed Mr. Elton; but he was actually",1,"`Text`"
"125","Doc298 Row:298 Col:Text","Fairfax","prepared to have Jane Fairfax succeed Mr. Elton; but he was actually",1,"`Text`"
"126","Doc298 Row:298 Col:Text","Mr.","prepared to have Jane Fairfax succeed Mr. Elton; but he was actually",1,"`Text`"
"127","Doc298 Row:298 Col:Text","Elton","prepared to have Jane Fairfax succeed Mr. Elton; but he was actually",1,"`Text`"
"128","Doc300 Row:300 Col:Text","Highbury","the top, and made the best of her way by a short cut back to Highbury.",1,"`Text`"
"129","Doc302 Row:302 Col:Text","Isabella","the eldest was not, but Isabella would have him called Henry, which I",1,"`Text`"
"130","Doc302 Row:302 Col:Text","Henry","the eldest was not, but Isabella would have him called Henry, which I",1,"`Text`"
"131","Doc303 Row:303 Col:Text","Mr.","She meant to be very happy, in spite of the scene being laid at Mr.",1,"`Text`"
"132","Doc304 Row:304 Col:Text","Frank","would affect Frank was among the earliest thoughts of both.",1,"`Text`"
"133","Doc306 Row:306 Col:Text","Emma","the elderly men, was such as Emma felt must draw every body's eyes;",1,"`Text`"
"134","Doc306 Row:306 Col:Text","felt","the elderly men, was such as Emma felt must draw every body's eyes;",1,"`Text`"
"135","Doc313 Row:313 Col:Text","Woodhouse","Woodhouse and Emma, till Mr. Woodhouse, who had previously made up his",1,"`Text`"
"136","Doc313 Row:313 Col:Text","Emma","Woodhouse and Emma, till Mr. Woodhouse, who had previously made up his",1,"`Text`"
"137","Doc313 Row:313 Col:Text","Mr.","Woodhouse and Emma, till Mr. Woodhouse, who had previously made up his",1,"`Text`"
"138","Doc313 Row:313 Col:Text","Woodhouse","Woodhouse and Emma, till Mr. Woodhouse, who had previously made up his",1,"`Text`"
"139","Doc319 Row:319 Col:Text","Hartfield","enough to reach Hartfield, before her spirits were quite overcome.",1,"`Text`"
"140","Doc321 Row:321 Col:Text","Jane","""I know how highly you think of Jane Fairfax,"" said Emma.",1,"`Text`"
"141","Doc321 Row:321 Col:Text","Fairfax","""I know how highly you think of Jane Fairfax,"" said Emma.",1,"`Text`"
"142","Doc321 Row:321 Col:Text","Emma","""I know how highly you think of Jane Fairfax,"" said Emma.",1,"`Text`"
"143","Doc321 Row:321 Col:Text","Little","Little Henry",1,"`Text`"
"144","Doc321 Row:321 Col:Text","Henry","Little Henry",1,"`Text`"
"145","Doc322 Row:322 Col:Text","Hartfield","his evening at Hartfield.",1,"`Text`"
"146","Doc322 Row:322 Col:Text","Emma","Emma and Harriet were going to walk; he joined",1,"`Text`"
"147","Doc322 Row:322 Col:Text","Harriet","Emma and Harriet were going to walk; he joined",1,"`Text`"
"148","Doc327 Row:327 Col:Text","Harriet","Harriet turned away; but Emma could",1,"`Text`"
"149","Doc327 Row:327 Col:Text","Emma","Harriet turned away; but Emma could",1,"`Text`"
"150","Doc33 Row:33 Col:Text","Mr.","many thanks--'there was no occasion to trouble us, for Mr. Knightley's",1,"`Text`"
"151","Doc33 Row:33 Col:Text","Knightley","many thanks--'there was no occasion to trouble us, for Mr. Knightley's",1,"`Text`"
"152","Doc330 Row:330 Col:Text","Mrs.","Mrs. Weston was",1,"`Text`"
"153","Doc330 Row:330 Col:Text","Weston","Mrs. Weston was",1,"`Text`"
"154","Doc332 Row:332 Col:Text","Emma","and decided in her ways, Emma lost no time in inviting, encouraging, and",1,"`Text`"
"155","Doc336 Row:336 Col:Text","CHAPTER","CHAPTER XIV",2,"`Text`"
"156","Doc336 Row:336 Col:Text","XIV","CHAPTER XIV",2,"`Text`"
"157","Doc342 Row:342 Col:Text","Harriet","Harriet Smith was the natural daughter of somebody.",1,"`Text`"
"158","Doc342 Row:342 Col:Text","Smith","Harriet Smith was the natural daughter of somebody.",1,"`Text`"
"159","Doc345 Row:345 Col:Text","Harriet","claims and disdain of Harriet, he had done nothing.",1,"`Text`"
"160","Doc350 Row:350 Col:Text","Mr.","he should be glad to see him; and Mr. Weston engaged to lose no time in",1,"`Text`"
"161","Doc350 Row:350 Col:Text","Weston","he should be glad to see him; and Mr. Weston engaged to lose no time in",1,"`Text`"
"162","Doc354 Row:354 Col:Text","Mrs.","Mrs. Elton's resources were",1,"`Text`"
"163","Doc354 Row:354 Col:Text","Elton","Mrs. Elton's resources were",1,"`Text`"
"164","Doc356 Row:356 Col:Text","Frank","Short letters from Frank were received at Randalls, communicating all",1,"`Text`"
"165","Doc357 Row:357 Col:Text","Hartfield","and came on to Hartfield, impatient for your opinion, and hoping you",1,"`Text`"
"166","Doc361 Row:361 Col:Text","Elton","Elton looked up to him.",1,"`Text`"
"167","Doc365 Row:365 Col:Text","Mr.","Mr.",1,"`Text`"
"168","Doc368 Row:368 Col:Text","Skilful","Skilful has been the hand!""",1,"`Text`"
"169","Doc37 Row:37 Col:Text","Mr.","happier or a better couple than Mr. and Mrs. Perry.",1,"`Text`"
"170","Doc37 Row:37 Col:Text","Mrs.","happier or a better couple than Mr. and Mrs. Perry.",1,"`Text`"
"171","Doc37 Row:37 Col:Text","Perry","happier or a better couple than Mr. and Mrs. Perry.",1,"`Text`"
"172","Doc371 Row:371 Col:Text","Emma","They combated the point some time longer in the same way; Emma rather",1,"`Text`"
"173","Doc374 Row:374 Col:Text","Mr.","Mr. Weston was chatty and",1,"`Text`"
"174","Doc374 Row:374 Col:Text","Weston","Mr. Weston was chatty and",1,"`Text`"
"175","Doc375 Row:375 Col:Text","Miss","""I do so wonder, Miss Woodhouse, that you should not be married, or",1,"`Text`"
"176","Doc375 Row:375 Col:Text","Woodhouse","""I do so wonder, Miss Woodhouse, that you should not be married, or",1,"`Text`"
"177","Doc376 Row:376 Col:Text","Mrs","""Mrs. Elton, I suppose, has been the person to whom Miss Fairfax owes--""",1,"`Text`"
"178","Doc376 Row:376 Col:Text","Elton","""Mrs. Elton, I suppose, has been the person to whom Miss Fairfax owes--""",1,"`Text`"
"179","Doc376 Row:376 Col:Text","Miss","""Mrs. Elton, I suppose, has been the person to whom Miss Fairfax owes--""",1,"`Text`"
"180","Doc376 Row:376 Col:Text","Fairfax","""Mrs. Elton, I suppose, has been the person to whom Miss Fairfax owes--""",1,"`Text`"
"181","Doc387 Row:387 Col:Text","Emma","must reason herself into the power of performance; and Emma could not",1,"`Text`"
"182","Doc389 Row:389 Col:Text","Harriet","Harriet felt this too much to utter more than a few words of eager",1,"`Text`"
"183","Doc39 Row:39 Col:Text","Mrs.","""I suspect they do not satisfy Mrs. Weston.",1,"`Text`"
"184","Doc39 Row:39 Col:Text","Weston","""I suspect they do not satisfy Mrs. Weston.",1,"`Text`"
"185","Doc393 Row:393 Col:Text","Mr.","Mr. Weston directed the whole, officiating",1,"`Text`"
"186","Doc393 Row:393 Col:Text","Weston","Mr. Weston directed the whole, officiating",1,"`Text`"
"187","Doc395 Row:395 Col:Text","Emma","To guess what all this meant, was impossible even for Emma.",1,"`Text`"
"188","Doc396 Row:396 Col:Text","Mrs.","Mrs. Weston added, ""that he could only allow himself time to hurry to",1,"`Text`"
"189","Doc396 Row:396 Col:Text","Weston","Mrs. Weston added, ""that he could only allow himself time to hurry to",1,"`Text`"
"190","Doc397 Row:397 Col:Text","Mr.","a young man might be very safely recommended to take Mr. Elton as a",1,"`Text`"
"191","Doc397 Row:397 Col:Text","Elton","a young man might be very safely recommended to take Mr. Elton as a",1,"`Text`"
"192","Doc398 Row:398 Col:Text","Hartfield","and Hartfield had been a continual impediment--less acknowledged by Mr.",1,"`Text`"
"193","Doc398 Row:398 Col:Text","Mr.","and Hartfield had been a continual impediment--less acknowledged by Mr.",1,"`Text`"
"194","Doc401 Row:401 Col:Text","Scotland","from Scotland, to look after his new estate.",1,"`Text`"
"195","Doc408 Row:408 Col:Text","Mrs.","Mrs. Weston wants to see you.",1,"`Text`"
"196","Doc408 Row:408 Col:Text","Weston","Mrs. Weston wants to see you.",1,"`Text`"
"197","Doc409 Row:409 Col:Text","Emma","""Yes,"" said Emma, ""I hope I do.""",1,"`Text`"
"198","Doc420 Row:420 Col:Text","Mrs.","""He should be happy to see Mrs. Goddard.",1,"`Text`"
"199","Doc420 Row:420 Col:Text","Goddard","""He should be happy to see Mrs. Goddard.",1,"`Text`"
"200","Doc421 Row:421 Col:Text","Clayton","coming back yesterday from Clayton Park, he had met Mr. Elton, and",1,"`Text`"
"201","Doc421 Row:421 Col:Text","Park","coming back yesterday from Clayton Park, he had met Mr. Elton, and",1,"`Text`"
"202","Doc421 Row:421 Col:Text","Mr.","coming back yesterday from Clayton Park, he had met Mr. Elton, and",1,"`Text`"
"203","Doc421 Row:421 Col:Text","Elton","coming back yesterday from Clayton Park, he had met Mr. Elton, and",1,"`Text`"
"204","Doc424 Row:424 Col:Text","Swisserland","Swisserland, but it will be something for a young man so much in want of",1,"`Text`"
"205","Doc425 Row:425 Col:Text","Mrs.","""Yes, all of us; Mrs. Elton would have us come.",1,"`Text`"
"206","Doc425 Row:425 Col:Text","Elton","""Yes, all of us; Mrs. Elton would have us come.",1,"`Text`"
"207","Doc430 Row:430 Col:Text","Mr.","Mr. John Knightley must be in town again on the 28th, and we",1,"`Text`"
"208","Doc430 Row:430 Col:Text","John","Mr. John Knightley must be in town again on the 28th, and we",1,"`Text`"
"209","Doc430 Row:430 Col:Text","Knightley","Mr. John Knightley must be in town again on the 28th, and we",1,"`Text`"
"210","Doc431 Row:431 Col:Text","Miss","always easy to begin abusing Miss Woodhouse; and the enmity which",1,"`Text`"
"211","Doc431 Row:431 Col:Text","Woodhouse","always easy to begin abusing Miss Woodhouse; and the enmity which",1,"`Text`"
"212","Doc436 Row:436 Col:Text","Miss","easily obtained as he had fancied, he would soon try for Miss Somebody",1,"`Text`"
"213","Doc436 Row:436 Col:Text","Somebody","easily obtained as he had fancied, he would soon try for Miss Somebody",1,"`Text`"
"214","Doc438 Row:438 Col:Text","Mr.","She had had three weeks of happy exemption from Mr. Elton; and Harriet's",1,"`Text`"
"215","Doc438 Row:438 Col:Text","Elton","She had had three weeks of happy exemption from Mr. Elton; and Harriet's",1,"`Text`"
"216","Doc438 Row:438 Col:Text","Harriet","She had had three weeks of happy exemption from Mr. Elton; and Harriet's",1,"`Text`"
"217","Doc442 Row:442 Col:Text","Emma","be unintelligible to Emma.",1,"`Text`"
"218","Doc444 Row:444 Col:Text","Colonel","you satisfied that Colonel Campbell was the giver, I saw it only as",1,"`Text`"
"219","Doc444 Row:444 Col:Text","Campbell","you satisfied that Colonel Campbell was the giver, I saw it only as",1,"`Text`"
"220","Doc445 Row:445 Col:Text","Harriet","course--and it was hardly less inevitable that poor little Harriet must",1,"`Text`"
"221","Doc447 Row:447 Col:Text","Harriet","voice, whether Harriet could indeed have received any hint.",1,"`Text`"
"222","Doc451 Row:451 Col:Text","Mr.","agreeable, Mr. Knightley, because she had Emma.""",1,"`Text`"
"223","Doc451 Row:451 Col:Text","Knightley","agreeable, Mr. Knightley, because she had Emma.""",1,"`Text`"
"224","Doc451 Row:451 Col:Text","Emma","agreeable, Mr. Knightley, because she had Emma.""",1,"`Text`"
"225","Doc455 Row:455 Col:Text","Smith","Smith's manners--and altogether--Oh, it is most admirable!",1,"`Text`"
"226","Doc458 Row:458 Col:Text","Frank","heard the words ""my son,"" and ""Frank,"" and ""my son,"" repeated several",1,"`Text`"
"227","Doc459 Row:459 Col:Text","Mrs","seeing Mrs. Cole or any other steady friend, when she might not bear",1,"`Text`"
"228","Doc459 Row:459 Col:Text","Cole","seeing Mrs. Cole or any other steady friend, when she might not bear",1,"`Text`"
"229","Doc46 Row:46 Col:Text","Emma","way home, almost as much in duty to Emma as in pleasure to herself, to",1,"`Text`"
"230","Doc461 Row:461 Col:Text","Miss","Pray, dear Miss Woodhouse, tell me what I ought to do.""",1,"`Text`"
"231","Doc467 Row:467 Col:Text","Martin","Martin is the man.",1,"`Text`"
"232","Doc467 Row:467 Col:Text","Abbey","Her visit to Abbey-Mill, this summer, seems to have",1,"`Text`"
"233","Doc467 Row:467 Col:Text","Mill","Her visit to Abbey-Mill, this summer, seems to have",1,"`Text`"
"234","Doc47 Row:47 Col:Text","Miss","so unfeeling to Miss Bates?",1,"`Text`"
"235","Doc47 Row:47 Col:Text","Bates","so unfeeling to Miss Bates?",1,"`Text`"
"236","Doc473 Row:473 Col:Text","Emma","was scarcely an evening in the week in which Emma could not make up a",1,"`Text`"
"237","Doc475 Row:475 Col:Text","Harriet","eagerness of Harriet's wondering questions.",1,"`Text`"
"238","Doc477 Row:477 Col:Text","Mr.","marry, even if she were asked by Mr. Knightley.",1,"`Text`"
"239","Doc477 Row:477 Col:Text","Knightley","marry, even if she were asked by Mr. Knightley.",1,"`Text`"
"240","Doc479 Row:479 Col:Text","Mr.","The news was universally a surprize wherever it spread; and Mr. Weston",1,"`Text`"
"241","Doc479 Row:479 Col:Text","Weston","The news was universally a surprize wherever it spread; and Mr. Weston",1,"`Text`"
"242","Doc482 Row:482 Col:Text","Hartfield","to the sad change at Hartfield since she had been there last.",1,"`Text`"
"243","Doc485 Row:485 Col:Text","Emma","With all dear Emma's little faults, she is an",1,"`Text`"
"244","Doc490 Row:490 Col:Text","Miss","do you do, Miss Smith?--Very well I thank you.",1,"`Text`"
"245","Doc490 Row:490 Col:Text","Smith","do you do, Miss Smith?--Very well I thank you.",1,"`Text`"
"246","Doc490 Row:490 Col:Text","Mrs.","--And I begged Mrs. Weston",1,"`Text`"
"247","Doc490 Row:490 Col:Text","Weston","--And I begged Mrs. Weston",1,"`Text`"
"248","Doc493 Row:493 Col:Text","Fairfax","Fairfax's.",1,"`Text`"
"249","Doc494 Row:494 Col:Text","Emma","all to Emma;--fortunate in having no other resemblance to a child, than",1,"`Text`"
"250","Doc496 Row:496 Col:Text","Harriet","A better written letter, Harriet",1,"`Text`"
"251","Doc501 Row:501 Col:Text","Abbey","what had not yet been seen, the old Abbey fish-ponds; perhaps get as far",1,"`Text`"
"252","Doc509 Row:509 Col:Text","Mrs.","I never saw Mrs. Weston better in my",1,"`Text`"
"253","Doc509 Row:509 Col:Text","Weston","I never saw Mrs. Weston better in my",1,"`Text`"
"254","Doc510 Row:510 Col:Text","Sucklings","Eltons were still talking of a visit from the Sucklings, and of the use",1,"`Text`"
"255","Doc512 Row:512 Col:Text","Mr.","into such hazard till he had seen Mr. Perry and learnt his opinion; and",1,"`Text`"
"256","Doc512 Row:512 Col:Text","Perry","into such hazard till he had seen Mr. Perry and learnt his opinion; and",1,"`Text`"
"257","Doc520 Row:520 Col:Text","Hartfield","introduction at Hartfield, was not one of the least agreeable proofs of",1,"`Text`"
"258","Doc521 Row:521 Col:Text","Mr.","What Mr. Elton had learned from the ostler on the subject, being the",1,"`Text`"
"259","Doc521 Row:521 Col:Text","Elton","What Mr. Elton had learned from the ostler on the subject, being the",1,"`Text`"
"260","Doc522 Row:522 Col:Text","Harriet","wit in Harriet, but will not dine alone for her.""",1,"`Text`"
"261","Doc524 Row:524 Col:Text","Miss","""When Miss Smiths and Mr. Eltons get acquainted--they do indeed--and",1,"`Text`"
"262","Doc524 Row:524 Col:Text","Smiths","""When Miss Smiths and Mr. Eltons get acquainted--they do indeed--and",1,"`Text`"
"263","Doc524 Row:524 Col:Text","Mr.","""When Miss Smiths and Mr. Eltons get acquainted--they do indeed--and",1,"`Text`"
"264","Doc524 Row:524 Col:Text","Eltons","""When Miss Smiths and Mr. Eltons get acquainted--they do indeed--and",1,"`Text`"
"265","Doc526 Row:526 Col:Text","Mr.","Unwelcome as it was, Mr. Woodhouse",1,"`Text`"
"266","Doc526 Row:526 Col:Text","Woodhouse","Unwelcome as it was, Mr. Woodhouse",1,"`Text`"
"267","Doc528 Row:528 Col:Text","Emma","Emma was pleased with the thought; and producing the box, the table",1,"`Text`"
"268","Doc53 Row:53 Col:Text","Mrs.","her, several years back, at Mrs. Goddard's school, and somebody",1,"`Text`"
"269","Doc53 Row:53 Col:Text","Goddard","her, several years back, at Mrs. Goddard's school, and somebody",1,"`Text`"
"270","Doc530 Row:530 Col:Text","Mrs.","parlours, indeed; one of them quite as large as Mrs. Goddard's",1,"`Text`"
"271","Doc530 Row:530 Col:Text","Goddard","parlours, indeed; one of them quite as large as Mrs. Goddard's",1,"`Text`"
"272","Doc532 Row:532 Col:Text","Emma","Emma was in no danger of forgetting.",1,"`Text`"
"273","Doc533 Row:533 Col:Text","Mrs.","pass the door without inquiring after Mrs. Bates; but I have been so",1,"`Text`"
"274","Doc533 Row:533 Col:Text","Bates","pass the door without inquiring after Mrs. Bates; but I have been so",1,"`Text`"
"275","Doc537 Row:537 Col:Text","Jane","about Jane's handwriting?""",1,"`Text`"
"276","Doc539 Row:539 Col:Text","Mr.","""I would ask for the pleasure of your company, Mr. Knightley, but I am a",1,"`Text`"
"277","Doc539 Row:539 Col:Text","Knightley","""I would ask for the pleasure of your company, Mr. Knightley, but I am a",1,"`Text`"
"278","Doc541 Row:541 Col:Text","Mr.","almost a bluntness in Mr. Weston, which every body likes in _him_,",1,"`Text`"
"279","Doc541 Row:541 Col:Text","Weston","almost a bluntness in Mr. Weston, which every body likes in _him_,",1,"`Text`"
"280","Doc546 Row:546 Col:Text","Mr.","not have thought either Mr. Woodhouse or Mr. Knightley particularly",1,"`Text`"
"281","Doc546 Row:546 Col:Text","Woodhouse","not have thought either Mr. Woodhouse or Mr. Knightley particularly",1,"`Text`"
"282","Doc546 Row:546 Col:Text","Mr.","not have thought either Mr. Woodhouse or Mr. Knightley particularly",1,"`Text`"
"283","Doc546 Row:546 Col:Text","Knightley","not have thought either Mr. Woodhouse or Mr. Knightley particularly",1,"`Text`"
"284","Doc547 Row:547 Col:Text","Friday","""And so she is to come to us next Friday or Saturday, and the Campbells",1,"`Text`"
"285","Doc547 Row:547 Col:Text","Saturday","""And so she is to come to us next Friday or Saturday, and the Campbells",1,"`Text`"
"286","Doc548 Row:548 Col:Text","Hartfield","and during the ten days of their stay at Hartfield it was not to be",1,"`Text`"
"287","Doc551 Row:551 Col:Text","Windsor","have pleasant accounts from Windsor?""",1,"`Text`"
"288","Doc555 Row:555 Col:Text","Emma","awkward moment, Emma smilingly said,",1,"`Text`"
"289","Doc560 Row:560 Col:Text","Mr.","thought.--Mr. Knightley and Harriet Smith!",1,"`Text`"
"290","Doc560 Row:560 Col:Text","Knightley","thought.--Mr. Knightley and Harriet Smith!",1,"`Text`"
"291","Doc560 Row:560 Col:Text","Harriet","thought.--Mr. Knightley and Harriet Smith!",1,"`Text`"
"292","Doc560 Row:560 Col:Text","Smith","thought.--Mr. Knightley and Harriet Smith!",1,"`Text`"
"293","Doc562 Row:562 Col:Text","Mrs.","You can borrow Mrs. Cole's.",1,"`Text`"
"294","Doc562 Row:562 Col:Text","Cole","You can borrow Mrs. Cole's.",1,"`Text`"
"295","Doc564 Row:564 Col:Text","Harriet","Harriet would be anxiety enough; she need",1,"`Text`"
"296","Doc567 Row:567 Col:Text","Abbey","Abbey-Mill Farm, it must have been the whole.",1,"`Text`"
"297","Doc567 Row:567 Col:Text","Mill","Abbey-Mill Farm, it must have been the whole.",1,"`Text`"
"298","Doc567 Row:567 Col:Text","Farm","Abbey-Mill Farm, it must have been the whole.",1,"`Text`"
"299","Doc567 Row:567 Col:Text","Martins","But the Martins occupied",1,"`Text`"
"300","Doc568 Row:568 Col:Text","Mrs.","Mrs. Goddard's",1,"`Text`"
"301","Doc568 Row:568 Col:Text","Goddard","Mrs. Goddard's",1,"`Text`"
"302","Doc573 Row:573 Col:Text","Miss","it delightful?--Miss Woodhouse and Mr. Frank Churchill; I never saw any",1,"`Text`"
"303","Doc573 Row:573 Col:Text","Woodhouse","it delightful?--Miss Woodhouse and Mr. Frank Churchill; I never saw any",1,"`Text`"
"304","Doc573 Row:573 Col:Text","Mr.","it delightful?--Miss Woodhouse and Mr. Frank Churchill; I never saw any",1,"`Text`"
"305","Doc573 Row:573 Col:Text","Frank","it delightful?--Miss Woodhouse and Mr. Frank Churchill; I never saw any",1,"`Text`"
"306","Doc573 Row:573 Col:Text","Churchill","it delightful?--Miss Woodhouse and Mr. Frank Churchill; I never saw any",1,"`Text`"
"307","Doc574 Row:574 Col:Text","Miss","and self-satisfied, eager and busy, caring nothing for Miss Woodhouse,",1,"`Text`"
"308","Doc574 Row:574 Col:Text","Woodhouse","and self-satisfied, eager and busy, caring nothing for Miss Woodhouse,",1,"`Text`"
"309","Doc577 Row:577 Col:Text","Harriet","Harriet, by additional softness, but it strikes me that his manners are",1,"`Text`"
"310","Doc58 Row:58 Col:Text","Emma","for the ball, it was shocking to have dear Emma disappointed; but they",1,"`Text`"
"311","Doc582 Row:582 Col:Text","Knightley","Knightley's not dancing than by any thing else.--There he was, among",1,"`Text`"
"312","Doc584 Row:584 Col:Text","Miss","it: Miss Fairfax herself.",1,"`Text`"
"313","Doc584 Row:584 Col:Text","Fairfax","it: Miss Fairfax herself.",1,"`Text`"
"314","Doc591 Row:591 Col:Text","Mr.","weather threatened rain; Mr. and Mrs. Weston and their son, Miss Bates",1,"`Text`"
"315","Doc591 Row:591 Col:Text","Mrs.","weather threatened rain; Mr. and Mrs. Weston and their son, Miss Bates",1,"`Text`"
"316","Doc591 Row:591 Col:Text","Weston","weather threatened rain; Mr. and Mrs. Weston and their son, Miss Bates",1,"`Text`"
"317","Doc591 Row:591 Col:Text","Miss","weather threatened rain; Mr. and Mrs. Weston and their son, Miss Bates",1,"`Text`"
"318","Doc591 Row:591 Col:Text","Bates","weather threatened rain; Mr. and Mrs. Weston and their son, Miss Bates",1,"`Text`"
"319","Doc593 Row:593 Col:Text","Farmer","Farmer Mitchell's, I made up my mind on the subject.",1,"`Text`"
"320","Doc593 Row:593 Col:Text","Mitchell","Farmer Mitchell's, I made up my mind on the subject.",1,"`Text`"
"321","Doc596 Row:596 Col:Text","Yorkshire","phrase?--Your Yorkshire friend--your correspondent in Yorkshire;--that",1,"`Text`"
"322","Doc596 Row:596 Col:Text","Yorkshire","phrase?--Your Yorkshire friend--your correspondent in Yorkshire;--that",1,"`Text`"
"323","Doc60 Row:60 Col:Text","Isabella","and Isabella always thinks as he does; except when he is not quite",1,"`Text`"
"324","Doc608 Row:608 Col:Text","Mr.","""Whoever might be her parents,"" said Mr. Knightley, ""whoever may have",1,"`Text`"
"325","Doc608 Row:608 Col:Text","Knightley","""Whoever might be her parents,"" said Mr. Knightley, ""whoever may have",1,"`Text`"
"326","Doc610 Row:610 Col:Text","Emma","Emma, smiling; ""but you do not mean to deny that there was a time--and",1,"`Text`"
"327","Doc611 Row:611 Col:Text","Mr.","Mr. Weston was to call in the evening, and she",1,"`Text`"
"328","Doc611 Row:611 Col:Text","Weston","Mr. Weston was to call in the evening, and she",1,"`Text`"
"329","Doc612 Row:612 Col:Text","Mr.","ready; and before Mr. Woodhouse had reached her with his request to be",1,"`Text`"
"330","Doc612 Row:612 Col:Text","Woodhouse","ready; and before Mr. Woodhouse had reached her with his request to be",1,"`Text`"
"331","Doc615 Row:615 Col:Text","Mrs.","returned with Mrs. Weston to Mrs. Bates's door.",1,"`Text`"
"332","Doc615 Row:615 Col:Text","Weston","returned with Mrs. Weston to Mrs. Bates's door.",1,"`Text`"
"333","Doc615 Row:615 Col:Text","Mrs.","returned with Mrs. Weston to Mrs. Bates's door.",1,"`Text`"
"334","Doc615 Row:615 Col:Text","Bates","returned with Mrs. Weston to Mrs. Bates's door.",1,"`Text`"
"335","Doc615 Row:615 Col:Text","Emma","Emma watched them in,",1,"`Text`"
"336","Doc618 Row:618 Col:Text","Mrs","Mrs. Weston might be persuaded away by her husband to the exercise and",1,"`Text`"
"337","Doc618 Row:618 Col:Text","Weston","Mrs. Weston might be persuaded away by her husband to the exercise and",1,"`Text`"
"338","Doc620 Row:620 Col:Text","London","of business in London, should set off again, and walk half a mile",1,"`Text`"
"339","Doc625 Row:625 Col:Text","Maple","a vast deal of that in the neighbourhood round Maple Grove.",1,"`Text`"
"340","Doc625 Row:625 Col:Text","Grove","a vast deal of that in the neighbourhood round Maple Grove.",1,"`Text`"
"341","Doc626 Row:626 Col:Text","Mr.","to think of Mr. Martin, but to talk of Mr. Elton.",1,"`Text`"
"342","Doc626 Row:626 Col:Text","Martin","to think of Mr. Martin, but to talk of Mr. Elton.",1,"`Text`"
"343","Doc626 Row:626 Col:Text","Mr.","to think of Mr. Martin, but to talk of Mr. Elton.",1,"`Text`"
"344","Doc626 Row:626 Col:Text","Elton","to think of Mr. Martin, but to talk of Mr. Elton.",1,"`Text`"
"345","Doc626 Row:626 Col:Text","Miss","Miss",1,"`Text`"
"346","Doc63 Row:63 Col:Text","Ford","says, six days out of the seven, and has always business at Ford's.",1,"`Text`"
"347","Doc635 Row:635 Col:Text","Mr.","towards this view she immediately perceived Mr. Knightley and Harriet",1,"`Text`"
"348","Doc635 Row:635 Col:Text","Knightley","towards this view she immediately perceived Mr. Knightley and Harriet",1,"`Text`"
"349","Doc635 Row:635 Col:Text","Harriet","towards this view she immediately perceived Mr. Knightley and Harriet",1,"`Text`"
"350","Doc637 Row:637 Col:Text","Mr.","through my particular friends, then I begin dreaming of Mr. and Mrs.",1,"`Text`"
"351","Doc637 Row:637 Col:Text","Mrs.","through my particular friends, then I begin dreaming of Mr. and Mrs.",1,"`Text`"
"352","Doc642 Row:642 Col:Text","Miss","When people come into a beautiful country of this sort, you know, Miss",1,"`Text`"
"353","Doc654 Row:654 Col:Text","Harriet","She paused over it, while Harriet stood",1,"`Text`"
"354","Doc656 Row:656 Col:Text","Emma","regret excessively on dear Emma's account that she cannot be more at",1,"`Text`"
"355","Doc657 Row:657 Col:Text","Mr.","Mr. Knightley has any thought of marrying Jane Fairfax.""",1,"`Text`"
"356","Doc657 Row:657 Col:Text","Knightley","Mr. Knightley has any thought of marrying Jane Fairfax.""",1,"`Text`"
"357","Doc657 Row:657 Col:Text","Jane","Mr. Knightley has any thought of marrying Jane Fairfax.""",1,"`Text`"
"358","Doc657 Row:657 Col:Text","Fairfax","Mr. Knightley has any thought of marrying Jane Fairfax.""",1,"`Text`"
"359","Doc66 Row:66 Col:Text","Highbury","The young ladies of Highbury might have",1,"`Text`"
"360","Doc660 Row:660 Col:Text","Emma","so abundant in agreeable families--that Emma began to feel she had been",1,"`Text`"
"361","Doc662 Row:662 Col:Text","Mr.","While she was gone, Mr. Knightley called, and sat some time with Mr.",1,"`Text`"
"362","Doc662 Row:662 Col:Text","Knightley","While she was gone, Mr. Knightley called, and sat some time with Mr.",1,"`Text`"
"363","Doc662 Row:662 Col:Text","Mr.","While she was gone, Mr. Knightley called, and sat some time with Mr.",1,"`Text`"
"364","Doc667 Row:667 Col:Text","Miss","Miss Woodhouse, the comfort of",1,"`Text`"
"365","Doc667 Row:667 Col:Text","Woodhouse","Miss Woodhouse, the comfort of",1,"`Text`"
"366","Doc669 Row:669 Col:Text","Harriet","Harriet's cheerful look and manner established hers: she came back, not",1,"`Text`"
"367","Doc67 Row:67 Col:Text","Mrs.","way.--Mrs. Weston's poultry-house was robbed one night of all her",1,"`Text`"
"368","Doc67 Row:67 Col:Text","Weston","way.--Mrs. Weston's poultry-house was robbed one night of all her",1,"`Text`"
"369","Doc676 Row:676 Col:Text","Randalls","servants at Randalls, was, that a messenger had come over from Richmond",1,"`Text`"
"370","Doc676 Row:676 Col:Text","Richmond","servants at Randalls, was, that a messenger had come over from Richmond",1,"`Text`"
"371","Doc679 Row:679 Col:Text","Harriet","but I cannot admit him to be Harriet's equal; and am rather surprized",1,"`Text`"
"372","Doc683 Row:683 Col:Text","Emma","living together as friend and friend very mutually attached, and Emma",1,"`Text`"
"373","Doc685 Row:685 Col:Text","Jane","--Jane took Mrs. Elton aside, and told her at once, that",1,"`Text`"
"374","Doc685 Row:685 Col:Text","Mrs.","--Jane took Mrs. Elton aside, and told her at once, that",1,"`Text`"
"375","Doc685 Row:685 Col:Text","Elton","--Jane took Mrs. Elton aside, and told her at once, that",1,"`Text`"
"376","Doc690 Row:690 Col:Text","Miss","and Miss Smith receiving her summons, was with her without delay, and",1,"`Text`"
"377","Doc690 Row:690 Col:Text","Smith","and Miss Smith receiving her summons, was with her without delay, and",1,"`Text`"
"378","Doc694 Row:694 Col:Text","Weston","Weston could only approve.",1,"`Text`"
"379","Doc694 Row:694 Col:Text","Isabella","Isabella then went to Emma; but Emma could",1,"`Text`"
"380","Doc694 Row:694 Col:Text","Emma","Isabella then went to Emma; but Emma could",1,"`Text`"
"381","Doc694 Row:694 Col:Text","Emma","Isabella then went to Emma; but Emma could",1,"`Text`"
"382","Doc695 Row:695 Col:Text","Mr.","Mr. Dixon, you say, is",1,"`Text`"
"383","Doc695 Row:695 Col:Text","Dixon","Mr. Dixon, you say, is",1,"`Text`"
"384","Doc696 Row:696 Col:Text","Harriet","""You think I ought to refuse him then,"" said Harriet, looking down.",1,"`Text`"
"385","Doc7 Row:7 Col:Text","Emma","to urge for Emma's attention; it was soon gone to Brunswick Square or",1,"`Text`"
"386","Doc7 Row:7 Col:Text","Brunswick","to urge for Emma's attention; it was soon gone to Brunswick Square or",1,"`Text`"
"387","Doc7 Row:7 Col:Text","Square","to urge for Emma's attention; it was soon gone to Brunswick Square or",1,"`Text`"
"388","Doc70 Row:70 Col:Text","Mr.","This was Mr. Elton!",1,"`Text`"
"389","Doc70 Row:70 Col:Text","Elton","This was Mr. Elton!",1,"`Text`"
"390","Doc702 Row:702 Col:Text","Jane","the past, obliged her to admit that Jane might very naturally resolve on",1,"`Text`"
"391","Doc703 Row:703 Col:Text","Emma","on her sister's side, Emma proposed it to her friend, and found her",1,"`Text`"
"392","Doc705 Row:705 Col:Text","Emma","The real evils, indeed, of Emma's situation were the power of having",1,"`Text`"
"393","Doc708 Row:708 Col:Text","Mr.","inconsistency; but Mr. Knightley was so obliging as to put up with it,",1,"`Text`"
"394","Doc708 Row:708 Col:Text","Knightley","inconsistency; but Mr. Knightley was so obliging as to put up with it,",1,"`Text`"
"395","Doc714 Row:714 Col:Text","Jane","to say--Yes, indeed, I quite understand--dearest Jane's prospects--that",1,"`Text`"
"396","Doc719 Row:719 Col:Text","Mr.","cheerful Mr. Weston, to remove.",1,"`Text`"
"397","Doc719 Row:719 Col:Text","Weston","cheerful Mr. Weston, to remove.",1,"`Text`"
"398","Doc720 Row:720 Col:Text","Abbey","""Dear affectionate creature!--_You_ banished to Abbey-Mill Farm!--_You_",1,"`Text`"
"399","Doc720 Row:720 Col:Text","Mill","""Dear affectionate creature!--_You_ banished to Abbey-Mill Farm!--_You_",1,"`Text`"
"400","Doc720 Row:720 Col:Text","Farm","""Dear affectionate creature!--_You_ banished to Abbey-Mill Farm!--_You_",1,"`Text`"
"401","Doc722 Row:722 Col:Text","John","""I think, indeed,"" said John Knightley pleasantly, ""that Mr. Weston has",1,"`Text`"
"402","Doc722 Row:722 Col:Text","Knightley","""I think, indeed,"" said John Knightley pleasantly, ""that Mr. Weston has",1,"`Text`"
"403","Doc722 Row:722 Col:Text","Mr.","""I think, indeed,"" said John Knightley pleasantly, ""that Mr. Weston has",1,"`Text`"
"404","Doc722 Row:722 Col:Text","Weston","""I think, indeed,"" said John Knightley pleasantly, ""that Mr. Weston has",1,"`Text`"
"405","Doc724 Row:724 Col:Text","Mr.","amiable, obliging, gentle Mr. Elton.--",1,"`Text`"
"406","Doc724 Row:724 Col:Text","Elton","amiable, obliging, gentle Mr. Elton.--",1,"`Text`"
"407","Doc73 Row:73 Col:Text","Emma","void of meaning, however he might wish to escape any of Emma's errors",1,"`Text`"
"408","Doc730 Row:730 Col:Text","Harriet","not been there two minutes when she found that Harriet's habits of",1,"`Text`"
"409","Doc734 Row:734 Col:Text","Miss","abominable folly of Miss Bickerton in the warmest terms.",1,"`Text`"
"410","Doc734 Row:734 Col:Text","Bickerton","abominable folly of Miss Bickerton in the warmest terms.",1,"`Text`"
"411","Doc735 Row:735 Col:Text","Emma","and neither Emma nor the gentlemen could tolerate the prospect of being",1,"`Text`"
"412","Doc74 Row:74 Col:Text","Highbury","myself to belong to the place, to be a true citizen of Highbury.",1,"`Text`"
"413","Doc748 Row:748 Col:Text","Brunswick","well in Brunswick Square.",1,"`Text`"
"414","Doc748 Row:748 Col:Text","Square","well in Brunswick Square.",1,"`Text`"
"415","Doc750 Row:750 Col:Text","Mrs","Your description of Mrs.",1,"`Text`"
"416","Doc750 Row:750 Col:Text","Churchill","Churchill made me think of them",1,"`Text`"
"417","Doc751 Row:751 Col:Text","Jane","Jane said",1,"`Text`"
"418","Doc756 Row:756 Col:Text","Miss","disposed to think Miss Taylor had done as sad a thing for herself as for",1,"`Text`"
"419","Doc756 Row:756 Col:Text","Taylor","disposed to think Miss Taylor had done as sad a thing for herself as for",1,"`Text`"
"420","Doc759 Row:759 Col:Text","CHAPTER","CHAPTER XII",1,"`Text`"
"421","Doc759 Row:759 Col:Text","XII","CHAPTER XII",1,"`Text`"
"422","Doc760 Row:760 Col:Text","Jane","Jane Fairfax",1,"`Text`"
"423","Doc760 Row:760 Col:Text","Fairfax","Jane Fairfax",1,"`Text`"
"424","Doc767 Row:767 Col:Text","Enscombe","mentioned it in one of her letters to Enscombe, many weeks ago, with all",1,"`Text`"
"425","Doc768 Row:768 Col:Text","Hartfield","But while I visit at Hartfield,",1,"`Text`"
"426","Doc770 Row:770 Col:Text","Good","""Good Heaven!"" cried Mr. Elton, ""what can be the meaning of this?--Miss",1,"`Text`"
"427","Doc770 Row:770 Col:Text","Heaven","""Good Heaven!"" cried Mr. Elton, ""what can be the meaning of this?--Miss",1,"`Text`"
"428","Doc770 Row:770 Col:Text","Mr.","""Good Heaven!"" cried Mr. Elton, ""what can be the meaning of this?--Miss",1,"`Text`"
"429","Doc770 Row:770 Col:Text","Elton","""Good Heaven!"" cried Mr. Elton, ""what can be the meaning of this?--Miss",1,"`Text`"
"430","Doc770 Row:770 Col:Text","Miss","""Good Heaven!"" cried Mr. Elton, ""what can be the meaning of this?--Miss",1,"`Text`"
"431","Doc771 Row:771 Col:Text","Donwell","No more exploring parties to Donwell made for _her_.",1,"`Text`"
"432","Doc78 Row:78 Col:Text","Mrs.","not say so to every body, Mrs. Elton, but I have not much faith in Mrs.",1,"`Text`"
"433","Doc78 Row:78 Col:Text","Elton","not say so to every body, Mrs. Elton, but I have not much faith in Mrs.",1,"`Text`"
"434","Doc78 Row:78 Col:Text","Mrs.","not say so to every body, Mrs. Elton, but I have not much faith in Mrs.",1,"`Text`"
"435","Doc782 Row:782 Col:Text","Mr.","In this style she ran on; never thoroughly stopped by any thing till Mr.",1,"`Text`"
"436","Doc783 Row:783 Col:Text","South","to South End.",1,"`Text`"
"437","Doc783 Row:783 Col:Text","End","to South End.",1,"`Text`"
"438","Doc783 Row:783 Col:Text","South","South End is an unhealthy place.",1,"`Text`"
"439","Doc783 Row:783 Col:Text","End","South End is an unhealthy place.",1,"`Text`"
"440","Doc783 Row:783 Col:Text","Perry","Perry was surprized to",1,"`Text`"
"441","Doc784 Row:784 Col:Text","Hartfield","Hartfield.",1,"`Text`"
"442","Doc787 Row:787 Col:Text","Christmas","At Christmas every body invites",1,"`Text`"
"443","Doc789 Row:789 Col:Text","Mrs.","seemed every day to supply a different report, and the situation of Mrs.",1,"`Text`"
"444","Doc790 Row:790 Col:Text","Mr.","Mr. Martin is not very, very bitterly disappointed.""",1,"`Text`"
"445","Doc790 Row:790 Col:Text","Martin","Mr. Martin is not very, very bitterly disappointed.""",1,"`Text`"
"446","Doc8 Row:8 Col:Text","Emma","Emma could not resist.",1,"`Text`"
"447","Doc801 Row:801 Col:Text","CHAPTER","CHAPTER VIII",1,"`Text`"
"448","Doc801 Row:801 Col:Text","VIII","CHAPTER VIII",1,"`Text`"
"449","Doc809 Row:809 Col:Text","Emma","Ever since I left you this morning, Emma, my mind has been hard at work",1,"`Text`"
"450","Doc810 Row:810 Col:Text","Frank","wonder of the kind.--The attachment of Frank Churchill and Jane Fairfax",1,"`Text`"
"451","Doc810 Row:810 Col:Text","Churchill","wonder of the kind.--The attachment of Frank Churchill and Jane Fairfax",1,"`Text`"
"452","Doc810 Row:810 Col:Text","Jane","wonder of the kind.--The attachment of Frank Churchill and Jane Fairfax",1,"`Text`"
"453","Doc810 Row:810 Col:Text","Fairfax","wonder of the kind.--The attachment of Frank Churchill and Jane Fairfax",1,"`Text`"
"454","Doc813 Row:813 Col:Text","Mrs.","Poor old Mrs. Bates, civil and humble as usual, looked as if she did not",1,"`Text`"
"455","Doc813 Row:813 Col:Text","Bates","Poor old Mrs. Bates, civil and humble as usual, looked as if she did not",1,"`Text`"
"456","Doc817 Row:817 Col:Text","Mrs.","""How do you like Mrs. Elton?"" said Emma in a whisper.",1,"`Text`"
"457","Doc817 Row:817 Col:Text","Elton","""How do you like Mrs. Elton?"" said Emma in a whisper.",1,"`Text`"
"458","Doc817 Row:817 Col:Text","Emma","""How do you like Mrs. Elton?"" said Emma in a whisper.",1,"`Text`"
"459","Doc819 Row:819 Col:Text","Mr.","Mr. Knightley, I wish you had the",1,"`Text`"
"460","Doc819 Row:819 Col:Text","Knightley","Mr. Knightley, I wish you had the",1,"`Text`"
"461","Doc828 Row:828 Col:Text","Mrs.","The morning of the interesting day arrived, and Mrs. Weston's faithful",1,"`Text`"
"462","Doc828 Row:828 Col:Text","Weston","The morning of the interesting day arrived, and Mrs. Weston's faithful",1,"`Text`"
"463","Doc833 Row:833 Col:Text","Harriet","much.--It was not to be doubted that poor Harriet's attachment had been",1,"`Text`"
"464","Doc839 Row:839 Col:Text","Mr.","Mr. Elton's rights, however, gradually revived.",1,"`Text`"
"465","Doc839 Row:839 Col:Text","Elton","Mr. Elton's rights, however, gradually revived.",1,"`Text`"
"466","Doc845 Row:845 Col:Text","Emma","Emma, your infatuation about that girl blinds you.",1,"`Text`"
"467","Doc85 Row:85 Col:Text","Miss","Let me entreat you, Miss Woodhouse, to exercise so charming a talent",1,"`Text`"
"468","Doc85 Row:85 Col:Text","Woodhouse","Let me entreat you, Miss Woodhouse, to exercise so charming a talent",1,"`Text`"
"469","Doc851 Row:851 Col:Text","Miss","least from the time of Miss Woodhouse's encouraging her to think of him,",1,"`Text`"
"470","Doc851 Row:851 Col:Text","Woodhouse","least from the time of Miss Woodhouse's encouraging her to think of him,",1,"`Text`"
"471","Doc856 Row:856 Col:Text","Henry","from your own door when I had the pleasure of meeting you; and Henry",1,"`Text`"
"472","Doc865 Row:865 Col:Text","united","friend, united to produce an offer from Colonel Campbell of undertaking",1,"`Text`"
"473","Doc865 Row:865 Col:Text","Colonel","friend, united to produce an offer from Colonel Campbell of undertaking",1,"`Text`"
"474","Doc865 Row:865 Col:Text","Campbell","friend, united to produce an offer from Colonel Campbell of undertaking",1,"`Text`"
"475","Doc871 Row:871 Col:Text","Miss","said--""But I beg your pardon, Miss Woodhouse, you were speaking to me,",1,"`Text`"
"476","Doc873 Row:873 Col:Text","Emma","Emma seriously hoped she would.",1,"`Text`"
"477","Doc873 Row:873 Col:Text","Miss","She had a moment's fear of Miss Bates",1,"`Text`"
"478","Doc873 Row:873 Col:Text","Bates","She had a moment's fear of Miss Bates",1,"`Text`"
"479","Doc874 Row:874 Col:Text","Hartfield","every moment--but she thought she might get to Hartfield first--she",1,"`Text`"
"480","Doc877 Row:877 Col:Text","Jane","but I shall not stop three minutes: and, Jane, you had better go home",1,"`Text`"
"481","Doc879 Row:879 Col:Text","Mrs.","given, and only thanked Mrs. Elton coolly; ""but their going to Bath was",1,"`Text`"
"482","Doc879 Row:879 Col:Text","Elton","given, and only thanked Mrs. Elton coolly; ""but their going to Bath was",1,"`Text`"
"483","Doc879 Row:879 Col:Text","Bath","given, and only thanked Mrs. Elton coolly; ""but their going to Bath was",1,"`Text`"
"484","Doc883 Row:883 Col:Text","Harriet","Harriet, necessarily drawn away by her engagements with the Martins,",1,"`Text`"
"485","Doc883 Row:883 Col:Text","Martins","Harriet, necessarily drawn away by her engagements with the Martins,",1,"`Text`"
"486","Doc884 Row:884 Col:Text","Mrs.","""--Mrs. Weston, I suppose,"" interrupted Mrs. Elton, rather mortified.",1,"`Text`"
"487","Doc884 Row:884 Col:Text","Weston","""--Mrs. Weston, I suppose,"" interrupted Mrs. Elton, rather mortified.",1,"`Text`"
"488","Doc884 Row:884 Col:Text","Mrs.","""--Mrs. Weston, I suppose,"" interrupted Mrs. Elton, rather mortified.",1,"`Text`"
"489","Doc884 Row:884 Col:Text","Elton","""--Mrs. Weston, I suppose,"" interrupted Mrs. Elton, rather mortified.",1,"`Text`"
"490","Doc888 Row:888 Col:Text","Frank","taken an early dislike to Frank Churchill, was only growing to dislike",1,"`Text`"
"491","Doc888 Row:888 Col:Text","Churchill","taken an early dislike to Frank Churchill, was only growing to dislike",1,"`Text`"
"492","Doc890 Row:890 Col:Text","Emma","""And yet,"" said Emma, beginning hastily and with an arch look, but soon",1,"`Text`"
"493","Doc896 Row:896 Col:Text","Mrs.","Mrs. Churchill rules at Enscombe, and is a very odd-tempered",1,"`Text`"
"494","Doc896 Row:896 Col:Text","Churchill","Mrs. Churchill rules at Enscombe, and is a very odd-tempered",1,"`Text`"
"495","Doc896 Row:896 Col:Text","Enscombe","Mrs. Churchill rules at Enscombe, and is a very odd-tempered",1,"`Text`"
"496","Doc899 Row:899 Col:Text","Jane","Jane actually on the point of going as governess!",1,"`Text`"
"497","Doc903 Row:903 Col:Text","Tuesday","With Tuesday came the agreeable prospect of seeing him again, and for",1,"`Text`"
"498","Doc906 Row:906 Col:Text","Emma","on Emma's side to talk of the weather, but he made no answer.",1,"`Text`"
"499","Doc908 Row:908 Col:Text","Yorkshire","""Indeed!--from Yorkshire, I think.",1,"`Text`"
"500","Doc908 Row:908 Col:Text","Enscombe","Enscombe is in Yorkshire?""",1,"`Text`"
"501","Doc908 Row:908 Col:Text","Yorkshire","Enscombe is in Yorkshire?""",1,"`Text`"
"502","Doc909 Row:909 Col:Text","Mr.","It did not often happen; for Mr. John",1,"`Text`"
"503","Doc909 Row:909 Col:Text","John","It did not often happen; for Mr. John",1,"`Text`"
"504","Doc913 Row:913 Col:Text","Harriet","scrape which he had drawn her into on Harriet's account, that gave the",1,"`Text`"
"505","Doc915 Row:915 Col:Text","Mr.","Mr. Martin is a very respectable young man,",1,"`Text`"
"506","Doc915 Row:915 Col:Text","Martin","Mr. Martin is a very respectable young man,",1,"`Text`"
"507","Doc917 Row:917 Col:Text","Emma","Emma",1,"`Text`"
"508","Doc92 Row:92 Col:Text","Jane","we shall see presently in Jane's letter--wrote in Mr. Dixon's name as",1,"`Text`"
"509","Doc92 Row:92 Col:Text","Mr.","we shall see presently in Jane's letter--wrote in Mr. Dixon's name as",1,"`Text`"
"510","Doc92 Row:92 Col:Text","Dixon","we shall see presently in Jane's letter--wrote in Mr. Dixon's name as",1,"`Text`"
"511","Doc932 Row:932 Col:Text","Mr.","Mr. Elton knows you.""",1,"`Text`"
"512","Doc932 Row:932 Col:Text","Elton","Mr. Elton knows you.""",1,"`Text`"
"513","Doc934 Row:934 Col:Text","Emma","Emma could have wished Mrs.",1,"`Text`"
"514","Doc934 Row:934 Col:Text","Mrs.","Emma could have wished Mrs.",1,"`Text`"
"515","Doc936 Row:936 Col:Text","Harriet","Harriet",1,"`Text`"
"516","Doc937 Row:937 Col:Text","Emma","""My Emma!"" replied Mrs. Weston, smiling, ""what is the certainty",1,"`Text`"
"517","Doc937 Row:937 Col:Text","Mrs.","""My Emma!"" replied Mrs. Weston, smiling, ""what is the certainty",1,"`Text`"
"518","Doc937 Row:937 Col:Text","Weston","""My Emma!"" replied Mrs. Weston, smiling, ""what is the certainty",1,"`Text`"
"519","Doc94 Row:94 Col:Text","Frank","""Happy couple!"" said Frank Churchill, as soon as they were out of",1,"`Text`"
"520","Doc94 Row:94 Col:Text","Churchill","""Happy couple!"" said Frank Churchill, as soon as they were out of",1,"`Text`"
"521","Doc943 Row:943 Col:Text","Mr.","daughter; on the other the two Mr. Knightleys; their subjects totally",1,"`Text`"
"522","Doc943 Row:943 Col:Text","Knightleys","daughter; on the other the two Mr. Knightleys; their subjects totally",1,"`Text`"
"523","Doc948 Row:948 Col:Text","Highbury","will be as happy to see her friends at Highbury, as they can be to see",1,"`Text`"
"524","Doc95 Row:95 Col:Text","Mrs.","She was sure of Mrs. Weston's wishing it to",1,"`Text`"
"525","Doc95 Row:95 Col:Text","Weston","She was sure of Mrs. Weston's wishing it to",1,"`Text`"
"526","Doc951 Row:951 Col:Text","Harriet","Harriet was too",1,"`Text`"
"527","Doc955 Row:955 Col:Text","Emma","""I do not often walk this way _now_,"" said Emma, as they proceeded, ""but",1,"`Text`"
"528","Doc956 Row:956 Col:Text","Miss","a good wife;--and you would not have had Miss Taylor live with us for",1,"`Text`"
"529","Doc956 Row:956 Col:Text","Taylor","a good wife;--and you would not have had Miss Taylor live with us for",1,"`Text`"
"530","Doc958 Row:958 Col:Text","Harriet","difficulty, on Harriet's side, to oppose any friendly arrangement of her",1,"`Text`"
"531","Doc961 Row:961 Col:Text","Broadway","with him in Broadway Lane, when, because it began to drizzle, he darted",1,"`Text`"
"532","Doc961 Row:961 Col:Text","Lane","with him in Broadway Lane, when, because it began to drizzle, he darted",1,"`Text`"
"533","Doc964 Row:964 Col:Text","Mrs.","No; he was talking to Mrs.",1,"`Text`"
"534","Doc969 Row:969 Col:Text","Miss","from her, hoped, with Miss Woodhouse's help, to get a great many more.",1,"`Text`"
"535","Doc969 Row:969 Col:Text","Woodhouse","from her, hoped, with Miss Woodhouse's help, to get a great many more.",1,"`Text`"
"536","Doc97 Row:97 Col:Text","Mr.","Mr. Elton, if not towards William Larkins.",1,"`Text`"
"537","Doc97 Row:97 Col:Text","Elton","Mr. Elton, if not towards William Larkins.",1,"`Text`"
"538","Doc97 Row:97 Col:Text","William","Mr. Elton, if not towards William Larkins.",1,"`Text`"
"539","Doc97 Row:97 Col:Text","Larkins","Mr. Elton, if not towards William Larkins.",1,"`Text`"
"540","Doc970 Row:970 Col:Text","Knightley","Knightley.--""Robert Martin's manners have sense, sincerity, and",1,"`Text`"
"541","Doc970 Row:970 Col:Text","Robert","Knightley.--""Robert Martin's manners have sense, sincerity, and",1,"`Text`"
"542","Doc970 Row:970 Col:Text","Martin","Knightley.--""Robert Martin's manners have sense, sincerity, and",1,"`Text`"
"543","Doc973 Row:973 Col:Text","Mrs.","Mrs. Weston kissed her with tears of joy; and when she could find",1,"`Text`"
"544","Doc973 Row:973 Col:Text","Weston","Mrs. Weston kissed her with tears of joy; and when she could find",1,"`Text`"
"545","Doc979 Row:979 Col:Text","Mrs.","""More than an attachment, indeed,"" resumed Mrs. Weston; ""an",1,"`Text`"
"546","Doc979 Row:979 Col:Text","Weston","""More than an attachment, indeed,"" resumed Mrs. Weston; ""an",1,"`Text`"
"547","Doc982 Row:982 Col:Text","Mr.","Would not Mr. Knightley shew them the",1,"`Text`"
"548","Doc982 Row:982 Col:Text","Knightley","Would not Mr. Knightley shew them the",1,"`Text`"
"549","Doc984 Row:984 Col:Text","CHAPTER","CHAPTER V",1,"`Text`"
"550","Doc984 Row:984 Col:Text","V","CHAPTER V",1,"`Text`"
"551","Doc985 Row:985 Col:Text","Emma","friend--give Emma some hint, ask her some question.",1,"`Text`"
"552","Doc987 Row:987 Col:Text","Mrs.","And so does poor Mrs. Weston""--with half a sigh and half a",1,"`Text`"
"553","Doc987 Row:987 Col:Text","Weston","And so does poor Mrs. Weston""--with half a sigh and half a",1,"`Text`"
"554","Doc991 Row:991 Col:Text","Harriet","How improperly had she been acting by Harriet!",1,"`Text`"
"555","Doc997 Row:997 Col:Text","Harriet","than now; and it really was too much to hope even of Harriet, that she",1,"`Text`"
"556","Doc999 Row:999 Col:Text","Highbury","income; for though the vicarage of Highbury was not large, he was known",1,"`Text`"
